idProduto;data;idCliente;idTerritorioVendas;ordemVendas;custoTotalProduto;quantidadeVendas
310;20101229;21768;6;SO43697;2171.2942;3578.2700
346;20101229;28389;7;SO43698;1912.1544;3399.9900
346;20101229;25863;1;SO43699;1912.1544;3399.9900
336;20101229;14501;4;SO43700;413.1463;699.0982
346;20101229;11003;9;SO43701;1912.1544;3399.9900
311;20101230;27645;4;SO43702;2171.2942;3578.2700
310;20101230;16624;9;SO43703;2171.2942;3578.2700
351;20101230;11005;9;SO43704;1898.0944;3374.9900
344;20101230;11011;9;SO43705;1912.1544;3399.9900
312;20101231;27621;4;SO43706;2171.2942;3578.2700
312;20101231;27616;4;SO43707;2171.2942;3578.2700
330;20101231;20042;10;SO43708;413.1463;699.0982
313;20101231;16351;9;SO43709;2171.2942;3578.2700
314;20101231;16517;9;SO43710;2171.2942;3578.2700
314;20110101;27606;1;SO43711;2171.2942;3578.2700
311;20110101;13513;8;SO43712;2171.2942;3578.2700
310;20110102;27601;4;SO43713;2171.2942;3578.2700
311;20110102;13591;10;SO43714;2171.2942;3578.2700
314;20110102;16483;9;SO43715;2171.2942;3578.2700
311;20110102;16529;9;SO43716;2171.2942;3578.2700
336;20110102;25249;9;SO43717;413.1463;699.0982
311;20110103;27668;1;SO43718;2171.2942;3578.2700
312;20110103;27612;4;SO43719;2171.2942;3578.2700
311;20110103;13264;8;SO43720;2171.2942;3578.2700
310;20110103;13590;10;SO43721;2171.2942;3578.2700
312;20110104;13581;10;SO43722;2171.2942;3578.2700
332;20110104;14520;1;SO43723;413.1463;699.0982
311;20110104;16520;9;SO43724;2171.2942;3578.2700
311;20110105;13258;8;SO43725;2171.2942;3578.2700
332;20110105;14560;4;SO43726;413.1463;699.0982
311;20110105;16607;9;SO43727;2171.2942;3578.2700
313;20110106;27666;4;SO43728;2171.2942;3578.2700
346;20110106;11238;10;SO43729;1912.1544;3399.9900
346;20110106;25861;4;SO43730;1912.1544;3399.9900
314;20110106;16629;9;SO43731;2171.2942;3578.2700
350;20110106;11025;9;SO43732;1898.0944;3374.9900
312;20110106;27577;1;SO43733;2171.2942;3578.2700
312;20110107;27604;1;SO43734;2171.2942;3578.2700
310;20110107;16522;9;SO43735;2171.2942;3578.2700
346;20110107;11002;9;SO43736;1912.1544;3399.9900
311;20110108;13261;8;SO43737;2171.2942;3578.2700
312;20110108;11606;7;SO43738;2171.2942;3578.2700
310;20110108;13563;10;SO43739;2171.2942;3578.2700
312;20110108;16527;9;SO43740;2171.2942;3578.2700
310;20110109;27671;1;SO43741;2171.2942;3578.2700
314;20110109;13576;10;SO43742;2171.2942;3578.2700
347;20110109;11007;9;SO43743;1912.1544;3399.9900
313;20110109;16631;9;SO43744;2171.2942;3578.2700
311;20110110;16514;9;SO43745;2171.2942;3578.2700
312;20110110;16616;9;SO43746;2171.2942;3578.2700
314;20110111;27623;4;SO43747;2171.2942;3578.2700
313;20110111;27625;1;SO43748;2171.2942;3578.2700
314;20110111;27636;1;SO43749;2171.2942;3578.2700
311;20110111;11591;7;SO43750;2171.2942;3578.2700
313;20110111;11592;7;SO43751;2171.2942;3578.2700
311;20110111;13265;8;SO43752;2171.2942;3578.2700
310;20110111;16482;9;SO43753;2171.2942;3578.2700
312;20110112;27617;1;SO43754;2171.2942;3578.2700
311;20110112;27670;4;SO43755;2171.2942;3578.2700
332;20110112;19941;10;SO43756;413.1463;699.0982
350;20110112;11017;9;SO43757;1898.0944;3374.9900
310;20110113;27646;4;SO43758;2171.2942;3578.2700
310;20110113;13257;8;SO43759;2171.2942;3578.2700
314;20110113;16352;9;SO43760;2171.2942;3578.2700
310;20110113;16493;9;SO43761;2171.2942;3578.2700
314;20110114;27578;4;SO43762;2171.2942;3578.2700
313;20110114;16525;9;SO43763;2171.2942;3578.2700
310;20110114;16612;9;SO43764;2171.2942;3578.2700
346;20110114;11010;9;SO43765;1912.1544;3399.9900
313;20110115;16518;9;SO43766;2171.2942;3578.2700
350;20110115;11001;9;SO43767;1898.0944;3374.9900
312;20110116;27649;1;SO43768;2171.2942;3578.2700
312;20110116;21659;6;SO43769;2171.2942;3578.2700
312;20110116;27614;1;SO43770;2171.2942;3578.2700
330;20110116;14559;4;SO43771;413.1463;699.0982
312;20110116;16524;9;SO43772;2171.2942;3578.2700
314;20110116;16526;9;SO43773;2171.2942;3578.2700
313;20110116;16348;9;SO43774;2171.2942;3578.2700
347;20110116;11027;9;SO43775;1912.1544;3399.9900
314;20110117;13260;8;SO43776;2171.2942;3578.2700
311;20110117;16515;9;SO43777;2171.2942;3578.2700
345;20110117;11018;9;SO43778;1912.1544;3399.9900
326;20110117;25252;9;SO43779;413.1463;699.0982
311;20110118;11599;7;SO43780;2171.2942;3578.2700
312;20110118;16495;9;SO43781;2171.2942;3578.2700
312;20110118;16516;9;SO43782;2171.2942;3578.2700
312;20110118;16620;9;SO43783;2171.2942;3578.2700
310;20110119;27667;4;SO43784;2171.2942;3578.2700
311;20110119;11601;7;SO43785;2171.2942;3578.2700
311;20110119;11607;7;SO43786;2171.2942;3578.2700
344;20110119;29385;8;SO43787;1912.1544;3399.9900
351;20110119;11239;10;SO43788;1898.0944;3374.9900
351;20110119;25865;1;SO43789;1898.0944;3374.9900
344;20110119;25857;1;SO43790;1912.1544;3399.9900
314;20110119;16484;9;SO43791;2171.2942;3578.2700
312;20110119;16623;9;SO43792;2171.2942;3578.2700
344;20110119;11000;9;SO43793;1912.1544;3399.9900
347;20110119;11029;9;SO43794;1912.1544;3399.9900
312;20110120;27615;4;SO43795;2171.2942;3578.2700
342;20110120;17956;7;SO43796;413.1463;699.0982
312;20110120;16345;9;SO43797;2171.2942;3578.2700
310;20110120;16521;9;SO43798;2171.2942;3578.2700
312;20110120;16636;9;SO43799;2171.2942;3578.2700
311;20110121;21710;6;SO43800;2171.2942;3578.2700
311;20110121;13583;10;SO43801;2171.2942;3578.2700
312;20110121;11593;7;SO43802;2171.2942;3578.2700
314;20110122;21741;6;SO43803;2171.2942;3578.2700
310;20110122;13585;10;SO43804;2171.2942;3578.2700
328;20110122;14510;1;SO43805;413.1463;699.0982
312;20110122;16523;9;SO43806;2171.2942;3578.2700
312;20110123;11611;7;SO43807;2171.2942;3578.2700
313;20110123;13259;8;SO43808;2171.2942;3578.2700
310;20110123;16350;9;SO43809;2171.2942;3578.2700
345;20110123;11004;9;SO43810;1912.1544;3399.9900
346;20110123;11026;9;SO43811;1912.1544;3399.9900
312;20110124;27662;4;SO43812;2171.2942;3578.2700
350;20110124;28390;7;SO43813;1898.0944;3374.9900
350;20110124;25866;1;SO43814;1898.0944;3374.9900
311;20110124;16494;9;SO43815;2171.2942;3578.2700
314;20110124;16496;9;SO43816;2171.2942;3578.2700
310;20110124;16519;9;SO43817;2171.2942;3578.2700
312;20110124;16528;9;SO43818;2171.2942;3578.2700
346;20110124;11006;9;SO43819;1912.1544;3399.9900
312;20110125;27651;4;SO43820;2171.2942;3578.2700
310;20110125;27663;4;SO43821;2171.2942;3578.2700
313;20110125;27669;4;SO43822;2171.2942;3578.2700
342;20110125;19942;10;SO43823;413.1463;699.0982
338;20110125;14558;1;SO43824;413.1463;699.0982
313;20110125;16349;9;SO43825;2171.2942;3578.2700
348;20110125;11008;9;SO43826;1898.0944;3374.9900
338;20110125;25250;9;SO43827;413.1463;699.0982
310;20110126;27605;1;SO43828;2171.2942;3578.2700
310;20110126;27611;4;SO43829;2171.2942;3578.2700
311;20110126;16347;9;SO43830;2171.2942;3578.2700
349;20110126;11028;9;SO43831;1898.0944;3374.9900
310;20110126;13584;10;SO43832;2171.2942;3578.2700
310;20110127;21727;6;SO43833;2171.2942;3578.2700
348;20110127;28393;7;SO43834;1898.0944;3374.9900
348;20110127;19802;6;SO43835;1898.0944;3374.9900
324;20110127;26620;6;SO43836;413.1463;699.0982
350;20110127;11009;9;SO43837;1898.0944;3374.9900
313;20110128;27641;4;SO43838;2171.2942;3578.2700
311;20110128;27673;1;SO43839;2171.2942;3578.2700
326;20110128;17957;7;SO43840;413.1463;699.0982
314;20110128;13406;8;SO43841;2171.2942;3578.2700
312;20110128;16630;9;SO43842;2171.2942;3578.2700
313;20110129;22041;6;SO43918;2171.2942;3578.2700
314;20110129;12124;7;SO43919;2171.2942;3578.2700
313;20110129;28066;4;SO43920;2171.2942;3578.2700
313;20110129;16743;9;SO43921;2171.2942;3578.2700
310;20110129;13546;8;SO43922;2171.2942;3578.2700
312;20110130;28018;4;SO43923;2171.2942;3578.2700
310;20110130;12132;7;SO43924;2171.2942;3578.2700
314;20110130;16661;9;SO43925;2171.2942;3578.2700
351;20110131;11055;9;SO43926;1898.0944;3374.9900
314;20110131;16662;9;SO43927;2171.2942;3578.2700
313;20110131;16740;9;SO43928;2171.2942;3578.2700
322;20110131;25270;9;SO43929;413.1463;699.0982
312;20110201;28038;4;SO43930;2171.2942;3578.2700
313;20110201;13548;8;SO43931;2171.2942;3578.2700
314;20110201;16741;9;SO43932;2171.2942;3578.2700
347;20110201;11031;9;SO43933;1912.1544;3399.9900
346;20110201;11034;9;SO43934;1912.1544;3399.9900
334;20110202;20048;10;SO43935;413.1463;699.0982
311;20110202;28065;4;SO43936;2171.2942;3578.2700
312;20110202;17047;9;SO43937;2171.2942;3578.2700
310;20110202;16686;9;SO43938;2171.2942;3578.2700
312;20110202;16659;9;SO43939;2171.2942;3578.2700
336;20110202;25294;9;SO43940;413.1463;699.0982
314;20110203;13600;10;SO43941;2171.2942;3578.2700
310;20110203;17051;9;SO43942;2171.2942;3578.2700
338;20110203;14565;4;SO43943;413.1463;699.0982
344;20110203;11054;9;SO43944;1912.1544;3399.9900
310;20110203;16675;9;SO43945;2171.2942;3578.2700
313;20110203;16687;9;SO43946;2171.2942;3578.2700
310;20110203;16712;9;SO43947;2171.2942;3578.2700
345;20110203;11047;9;SO43948;1912.1544;3399.9900
310;20110204;27726;4;SO43949;2171.2942;3578.2700
311;20110204;28014;4;SO43950;2171.2942;3578.2700
311;20110204;16696;9;SO43951;2171.2942;3578.2700
312;20110204;16639;9;SO43952;2171.2942;3578.2700
342;20110205;20049;10;SO43953;413.1463;699.0982
311;20110205;13602;10;SO43954;2171.2942;3578.2700
314;20110205;13661;10;SO43955;2171.2942;3578.2700
344;20110205;11030;9;SO43956;1912.1544;3399.9900
313;20110206;28068;4;SO43957;2171.2942;3578.2700
312;20110206;16658;9;SO43958;2171.2942;3578.2700
348;20110206;11035;9;SO43959;1898.0944;3374.9900
349;20110206;11046;9;SO43960;1898.0944;3374.9900
311;20110207;28031;4;SO43961;2171.2942;3578.2700
312;20110207;28076;4;SO43962;2171.2942;3578.2700
314;20110207;16685;9;SO43963;2171.2942;3578.2700
312;20110207;16745;9;SO43964;2171.2942;3578.2700
351;20110207;11038;9;SO43965;1898.0944;3374.9900
347;20110207;11039;9;SO43966;1912.1544;3399.9900
313;20110208;28040;1;SO43967;2171.2942;3578.2700
313;20110208;28067;4;SO43968;2171.2942;3578.2700
310;20110208;28071;4;SO43969;2171.2942;3578.2700
311;20110208;16684;9;SO43970;2171.2942;3578.2700
314;20110208;16657;9;SO43971;2171.2942;3578.2700
314;20110209;21939;6;SO43972;2171.2942;3578.2700
312;20110209;28039;4;SO43973;2171.2942;3578.2700
312;20110209;13687;10;SO43974;2171.2942;3578.2700
312;20110209;13540;8;SO43975;2171.2942;3578.2700
310;20110209;28063;4;SO43976;2171.2942;3578.2700
312;20110209;16703;9;SO43977;2171.2942;3578.2700
310;20110210;28030;1;SO43978;2171.2942;3578.2700
322;20110210;14576;1;SO43979;413.1463;699.0982
351;20110210;11048;9;SO43980;1898.0944;3374.9900
314;20110210;16664;9;SO43981;2171.2942;3578.2700
342;20110210;25271;9;SO43982;413.1463;699.0982
314;20110211;28017;1;SO43983;2171.2942;3578.2700
311;20110211;13545;8;SO43984;2171.2942;3578.2700
313;20110211;13515;8;SO43985;2171.2942;3578.2700
310;20110211;28070;4;SO43986;2171.2942;3578.2700
310;20110212;28042;4;SO43987;2171.2942;3578.2700
344;20110212;11244;10;SO43988;1912.1544;3399.9900
312;20110212;28083;4;SO43989;2171.2942;3578.2700
344;20110212;25872;1;SO43990;1912.1544;3399.9900
310;20110212;16660;9;SO43991;2171.2942;3578.2700
311;20110212;16638;9;SO43992;2171.2942;3578.2700
314;20110214;16929;9;SO43993;2171.2942;3578.2700
314;20110215;27681;4;SO43994;2171.2942;3578.2700
312;20110215;21813;6;SO43995;2171.2942;3578.2700
310;20110215;27920;4;SO43996;2171.2942;3578.2700
310;20110215;28022;4;SO43997;2171.2942;3578.2700
348;20110215;11033;9;SO43998;1898.0944;3374.9900
311;20110215;28047;1;SO43999;2171.2942;3578.2700
311;20110216;27918;4;SO44000;2171.2942;3578.2700
313;20110216;28044;4;SO44001;2171.2942;3578.2700
336;20110216;14572;4;SO44002;413.1463;699.0982
342;20110216;19325;8;SO44003;413.1463;699.0982
310;20110216;28061;4;SO44004;2171.2942;3578.2700
334;20110216;26629;6;SO44005;413.1463;699.0982
310;20110216;16744;9;SO44006;2171.2942;3578.2700
320;20110216;25555;9;SO44007;413.1463;699.0982
312;20110217;27678;1;SO44008;2171.2942;3578.2700
314;20110217;27759;1;SO44009;2171.2942;3578.2700
310;20110217;13680;10;SO44010;2171.2942;3578.2700
310;20110217;13514;8;SO44011;2171.2942;3578.2700
349;20110217;11052;9;SO44012;1898.0944;3374.9900
312;20110217;16928;9;SO44013;2171.2942;3578.2700
313;20110218;27917;4;SO44014;2171.2942;3578.2700
311;20110218;13693;10;SO44015;2171.2942;3578.2700
350;20110218;11247;10;SO44016;1898.0944;3374.9900
310;20110218;28078;1;SO44017;2171.2942;3578.2700
350;20110218;25876;1;SO44018;1898.0944;3374.9900
310;20110218;16701;9;SO44019;2171.2942;3578.2700
311;20110218;16931;9;SO44020;2171.2942;3578.2700
348;20110218;11032;9;SO44021;1898.0944;3374.9900
313;20110219;22008;6;SO44022;2171.2942;3578.2700
349;20110219;19830;6;SO44023;1898.0944;3374.9900
314;20110219;16663;9;SO44024;2171.2942;3578.2700
314;20110219;16708;9;SO44025;2171.2942;3578.2700
310;20110219;17045;9;SO44026;2171.2942;3578.2700
310;20110220;21921;6;SO44027;2171.2942;3578.2700
312;20110220;17048;9;SO44028;2171.2942;3578.2700
350;20110220;11050;9;SO44029;1898.0944;3374.9900
311;20110221;12131;7;SO44030;2171.2942;3578.2700
313;20110221;13689;10;SO44031;2171.2942;3578.2700
344;20110221;11243;10;SO44032;1912.1544;3399.9900
314;20110221;16693;9;SO44033;2171.2942;3578.2700
313;20110221;16702;9;SO44034;2171.2942;3578.2700
312;20110221;16707;9;SO44035;2171.2942;3578.2700
310;20110221;17046;9;SO44036;2171.2942;3578.2700
328;20110221;25272;9;SO44037;413.1463;699.0982
344;20110221;25868;4;SO44038;1912.1544;3399.9900
342;20110222;17971;7;SO44039;413.1463;699.0982
351;20110222;11057;9;SO44040;1898.0944;3374.9900
313;20110222;16742;9;SO44041;2171.2942;3578.2700
313;20110223;13678;10;SO44042;2171.2942;3578.2700
311;20110223;13679;10;SO44043;2171.2942;3578.2700
314;20110223;13690;10;SO44044;2171.2942;3578.2700
344;20110223;28394;7;SO44045;1912.1544;3399.9900
313;20110223;28064;1;SO44046;2171.2942;3578.2700
344;20110223;25878;4;SO44047;1912.1544;3399.9900
314;20110223;16713;9;SO44048;2171.2942;3578.2700
314;20110224;13538;8;SO44049;2171.2942;3578.2700
310;20110224;17050;9;SO44050;2171.2942;3578.2700
310;20110225;13691;10;SO44051;2171.2942;3578.2700
314;20110225;16637;9;SO44052;2171.2942;3578.2700
338;20110226;19329;8;SO44053;413.1463;699.0982
314;20110226;13542;8;SO44054;2171.2942;3578.2700
310;20110226;13543;8;SO44055;2171.2942;3578.2700
314;20110226;13559;8;SO44056;2171.2942;3578.2700
338;20110226;14577;1;SO44057;413.1463;699.0982
350;20110226;11056;9;SO44058;1898.0944;3374.9900
313;20110226;16688;9;SO44059;2171.2942;3578.2700
342;20110226;25273;9;SO44060;413.1463;699.0982
310;20110227;27919;1;SO44061;2171.2942;3578.2700
310;20110227;28041;1;SO44062;2171.2942;3578.2700
344;20110227;11240;10;SO44063;1912.1544;3399.9900
310;20110227;22050;6;SO44064;2171.2942;3578.2700
310;20110227;28062;4;SO44065;2171.2942;3578.2700
344;20110227;25867;4;SO44066;1912.1544;3399.9900
310;20110227;17049;9;SO44067;2171.2942;3578.2700
313;20110228;13541;8;SO44068;2171.2942;3578.2700
349;20110228;28395;7;SO44069;1898.0944;3374.9900
349;20110228;19829;6;SO44070;1898.0944;3374.9900
313;20110228;16691;9;SO44071;2171.2942;3578.2700
311;20110228;16656;9;SO44072;2171.2942;3578.2700
351;20110228;11044;9;SO44073;1898.0944;3374.9900
310;20110301;13821;10;SO44134;2171.2942;3578.2700
310;20110301;28156;4;SO44135;2171.2942;3578.2700
311;20110301;22114;6;SO44136;2171.2942;3578.2700
314;20110301;17328;9;SO44137;2171.2942;3578.2700
310;20110302;13765;10;SO44138;2171.2942;3578.2700
311;20110302;13792;10;SO44139;2171.2942;3578.2700
311;20110302;12221;7;SO44140;2171.2942;3578.2700
313;20110302;13572;8;SO44141;2171.2942;3578.2700
313;20110302;22058;6;SO44142;2171.2942;3578.2700
313;20110302;28145;4;SO44143;2171.2942;3578.2700
312;20110302;17071;9;SO44144;2171.2942;3578.2700
310;20110302;17309;9;SO44145;2171.2942;3578.2700
313;20110302;17310;9;SO44146;2171.2942;3578.2700
310;20110302;17320;9;SO44147;2171.2942;3578.2700
310;20110303;28172;4;SO44148;2171.2942;3578.2700
312;20110303;17242;9;SO44149;2171.2942;3578.2700
312;20110303;17315;9;SO44150;2171.2942;3578.2700
328;20110303;25558;9;SO44151;413.1463;699.0982
346;20110304;11334;10;SO44152;1912.1544;3399.9900
312;20110304;28168;4;SO44153;2171.2942;3578.2700
311;20110304;28181;1;SO44154;2171.2942;3578.2700
313;20110304;28131;4;SO44155;2171.2942;3578.2700
346;20110304;25887;1;SO44156;1912.1544;3399.9900
314;20110304;17055;9;SO44157;2171.2942;3578.2700
311;20110305;13567;8;SO44158;2171.2942;3578.2700
311;20110305;28182;4;SO44159;2171.2942;3578.2700
312;20110305;28186;1;SO44160;2171.2942;3578.2700
314;20110306;13772;10;SO44161;2171.2942;3578.2700
311;20110306;28185;4;SO44162;2171.2942;3578.2700
314;20110306;28193;4;SO44163;2171.2942;3578.2700
310;20110306;28088;4;SO44164;2171.2942;3578.2700
313;20110306;17065;9;SO44165;2171.2942;3578.2700
338;20110306;14581;1;SO44166;413.1463;699.0982
314;20110306;17308;9;SO44167;2171.2942;3578.2700
313;20110307;12211;7;SO44168;2171.2942;3578.2700
311;20110307;28179;1;SO44169;2171.2942;3578.2700
314;20110307;28183;4;SO44170;2171.2942;3578.2700
313;20110307;28112;4;SO44171;2171.2942;3578.2700
338;20110307;14584;4;SO44172;413.1463;699.0982
312;20110308;13784;10;SO44173;2171.2942;3578.2700
311;20110308;17229;9;SO44174;2171.2942;3578.2700
313;20110308;17246;9;SO44175;2171.2942;3578.2700
314;20110309;12220;7;SO44176;2171.2942;3578.2700
350;20110309;11337;10;SO44177;1898.0944;3374.9900
312;20110309;28097;4;SO44178;2171.2942;3578.2700
350;20110309;25888;1;SO44179;1898.0944;3374.9900
347;20110309;11058;9;SO44180;1912.1544;3399.9900
312;20110309;17294;9;SO44181;2171.2942;3578.2700
310;20110309;17299;9;SO44182;2171.2942;3578.2700
310;20110310;28158;4;SO44183;2171.2942;3578.2700
314;20110310;17247;9;SO44184;2171.2942;3578.2700
310;20110310;17280;9;SO44185;2171.2942;3578.2700
347;20110312;25889;4;SO44186;1912.1544;3399.9900
313;20110312;17069;9;SO44187;2171.2942;3578.2700
334;20110313;20052;10;SO44188;413.1463;699.0982
322;20110313;20054;10;SO44189;413.1463;699.0982
348;20110313;11061;9;SO44190;1898.0944;3374.9900
310;20110313;17248;9;SO44191;2171.2942;3578.2700
312;20110314;13570;8;SO44192;2171.2942;3578.2700
312;20110314;28164;4;SO44193;2171.2942;3578.2700
310;20110314;17064;9;SO44194;2171.2942;3578.2700
313;20110314;17249;9;SO44195;2171.2942;3578.2700
314;20110314;17295;9;SO44196;2171.2942;3578.2700
312;20110315;28096;4;SO44197;2171.2942;3578.2700
310;20110315;28150;4;SO44198;2171.2942;3578.2700
313;20110315;17259;9;SO44199;2171.2942;3578.2700
311;20110315;17312;9;SO44200;2171.2942;3578.2700
313;20110316;12254;7;SO44201;2171.2942;3578.2700
311;20110316;28159;4;SO44202;2171.2942;3578.2700
312;20110316;28149;4;SO44203;2171.2942;3578.2700
336;20110316;14580;4;SO44204;413.1463;699.0982
312;20110316;17285;9;SO44205;2171.2942;3578.2700
347;20110317;11250;10;SO44206;1912.1544;3399.9900
313;20110317;28162;4;SO44207;2171.2942;3578.2700
347;20110317;25879;4;SO44208;1912.1544;3399.9900
311;20110317;17257;9;SO44209;2171.2942;3578.2700
310;20110318;13783;10;SO44210;2171.2942;3578.2700
313;20110318;28154;4;SO44211;2171.2942;3578.2700
312;20110318;28170;4;SO44212;2171.2942;3578.2700
310;20110318;17351;9;SO44213;2171.2942;3578.2700
311;20110318;17332;9;SO44214;2171.2942;3578.2700
312;20110319;28180;1;SO44215;2171.2942;3578.2700
314;20110319;13560;8;SO44216;2171.2942;3578.2700
310;20110319;28148;1;SO44217;2171.2942;3578.2700
311;20110319;22109;6;SO44218;2171.2942;3578.2700
338;20110319;14590;4;SO44219;413.1463;699.0982
345;20110319;11060;9;SO44220;1912.1544;3399.9900
314;20110319;17255;9;SO44221;2171.2942;3578.2700
311;20110319;17258;9;SO44222;2171.2942;3578.2700
310;20110320;13847;10;SO44223;2171.2942;3578.2700
314;20110320;28166;4;SO44224;2171.2942;3578.2700
322;20110321;20060;10;SO44225;413.1463;699.0982
313;20110321;12255;7;SO44226;2171.2942;3578.2700
349;20110321;28401;7;SO44227;1898.0944;3374.9900
344;20110321;11333;10;SO44228;1912.1544;3399.9900
344;20110321;25886;1;SO44229;1912.1544;3399.9900
312;20110321;17241;9;SO44230;2171.2942;3578.2700
334;20110321;17973;7;SO44231;413.1463;699.0982
312;20110321;17334;9;SO44232;2171.2942;3578.2700
310;20110322;13841;10;SO44233;2171.2942;3578.2700
312;20110322;28184;4;SO44234;2171.2942;3578.2700
313;20110322;22117;6;SO44235;2171.2942;3578.2700
312;20110322;28191;1;SO44236;2171.2942;3578.2700
310;20110322;17056;9;SO44237;2171.2942;3578.2700
311;20110322;17079;9;SO44238;2171.2942;3578.2700
311;20110323;12217;7;SO44239;2171.2942;3578.2700
311;20110323;13580;8;SO44240;2171.2942;3578.2700
313;20110323;28155;4;SO44241;2171.2942;3578.2700
313;20110323;28163;1;SO44242;2171.2942;3578.2700
312;20110323;17278;9;SO44243;2171.2942;3578.2700
312;20110323;17329;9;SO44244;2171.2942;3578.2700
330;20110323;25556;9;SO44245;413.1463;699.0982
312;20110324;12219;7;SO44246;2171.2942;3578.2700
310;20110324;17233;9;SO44247;2171.2942;3578.2700
313;20110324;17240;9;SO44248;2171.2942;3578.2700
313;20110325;13845;10;SO44249;2171.2942;3578.2700
312;20110325;28167;4;SO44250;2171.2942;3578.2700
311;20110325;28190;4;SO44251;2171.2942;3578.2700
312;20110326;13777;10;SO44252;2171.2942;3578.2700
310;20110326;28099;4;SO44253;2171.2942;3578.2700
314;20110326;28142;1;SO44254;2171.2942;3578.2700
340;20110326;14585;4;SO44255;413.1463;699.0982
312;20110326;17232;9;SO44256;2171.2942;3578.2700
313;20110327;12212;7;SO44257;2171.2942;3578.2700
310;20110327;13579;8;SO44258;2171.2942;3578.2700
312;20110327;28171;1;SO44259;2171.2942;3578.2700
312;20110327;28194;1;SO44260;2171.2942;3578.2700
312;20110327;22112;6;SO44261;2171.2942;3578.2700
322;20110327;20149;10;SO44262;413.1463;699.0982
310;20110327;17279;9;SO44263;2171.2942;3578.2700
313;20110327;17286;9;SO44264;2171.2942;3578.2700
320;20110327;25557;9;SO44265;413.1463;699.0982
336;20110327;25559;9;SO44266;413.1463;699.0982
336;20110328;19339;8;SO44267;413.1463;699.0982
312;20110328;13820;10;SO44268;2171.2942;3578.2700
326;20110329;14589;4;SO44269;413.1463;699.0982
314;20110330;13794;10;SO44270;2171.2942;3578.2700
314;20110330;13846;10;SO44271;2171.2942;3578.2700
311;20110330;12256;7;SO44272;2171.2942;3578.2700
311;20110330;28147;4;SO44273;2171.2942;3578.2700
314;20110330;28152;4;SO44274;2171.2942;3578.2700
311;20110330;17256;9;SO44275;2171.2942;3578.2700
313;20110330;17277;9;SO44276;2171.2942;3578.2700
311;20110330;17288;9;SO44277;2171.2942;3578.2700
310;20110330;17293;9;SO44278;2171.2942;3578.2700
313;20110330;17326;9;SO44279;2171.2942;3578.2700
314;20110331;14429;10;SO44320;2171.2942;3578.2700
311;20110331;28222;1;SO44321;2171.2942;3578.2700
328;20110331;17975;7;SO44322;413.1463;699.0982
344;20110331;11072;9;SO44323;1912.1544;3399.9900
311;20110401;12267;7;SO44324;2171.2942;3578.2700
351;20110401;11095;9;SO44325;1898.0944;3374.9900
312;20110401;17728;9;SO44326;2171.2942;3578.2700
314;20110402;28598;4;SO44327;2171.2942;3578.2700
310;20110402;17921;9;SO44328;2171.2942;3578.2700
311;20110402;17904;9;SO44329;2171.2942;3578.2700
312;20110402;28199;4;SO44330;2171.2942;3578.2700
311;20110403;28257;1;SO44331;2171.2942;3578.2700
310;20110403;17510;9;SO44332;2171.2942;3578.2700
345;20110404;11343;10;SO44333;1912.1544;3399.9900
311;20110404;28273;4;SO44334;2171.2942;3578.2700
324;20110404;20165;10;SO44335;413.1463;699.0982
345;20110404;25895;1;SO44336;1912.1544;3399.9900
351;20110404;11097;9;SO44337;1898.0944;3374.9900
314;20110404;18188;9;SO44338;2171.2942;3578.2700
311;20110404;18189;9;SO44339;2171.2942;3578.2700
314;20110404;17354;9;SO44340;2171.2942;3578.2700
348;20110405;25905;4;SO44341;1898.0944;3374.9900
320;20110405;14610;1;SO44342;413.1463;699.0982
314;20110405;17920;9;SO44343;2171.2942;3578.2700
310;20110406;14427;10;SO44344;2171.2942;3578.2700
313;20110406;28200;4;SO44345;2171.2942;3578.2700
336;20110406;14602;4;SO44346;413.1463;699.0982
312;20110406;17911;9;SO44347;2171.2942;3578.2700
313;20110407;14159;10;SO44348;2171.2942;3578.2700
311;20110407;28243;4;SO44349;2171.2942;3578.2700
312;20110407;28244;4;SO44350;2171.2942;3578.2700
314;20110407;28271;4;SO44351;2171.2942;3578.2700
311;20110407;28297;1;SO44352;2171.2942;3578.2700
326;20110407;14591;4;SO44353;413.1463;699.0982
336;20110407;14603;4;SO44354;413.1463;699.0982
347;20110407;11093;9;SO44355;1912.1544;3399.9900
345;20110407;11099;9;SO44356;1912.1544;3399.9900
310;20110407;17511;9;SO44357;2171.2942;3578.2700
310;20110407;17732;9;SO44358;2171.2942;3578.2700
311;20110408;14525;10;SO44359;2171.2942;3578.2700
311;20110408;14158;10;SO44360;2171.2942;3578.2700
310;20110408;13686;8;SO44361;2171.2942;3578.2700
310;20110408;28259;4;SO44362;2171.2942;3578.2700
312;20110408;28285;1;SO44363;2171.2942;3578.2700
348;20110408;11092;9;SO44364;1898.0944;3374.9900
313;20110408;17912;9;SO44365;2171.2942;3578.2700
313;20110408;17502;9;SO44366;2171.2942;3578.2700
328;20110408;25562;9;SO44367;413.1463;699.0982
314;20110409;14150;10;SO44368;2171.2942;3578.2700
310;20110409;28250;4;SO44369;2171.2942;3578.2700
313;20110409;18193;9;SO44370;2171.2942;3578.2700
311;20110409;17514;9;SO44371;2171.2942;3578.2700
310;20110409;17736;9;SO44372;2171.2942;3578.2700
310;20110410;13767;8;SO44373;2171.2942;3578.2700
310;20110410;14157;10;SO44374;2171.2942;3578.2700
310;20110410;14183;10;SO44375;2171.2942;3578.2700
349;20110410;29399;8;SO44376;1898.0944;3374.9900
310;20110410;28234;4;SO44377;2171.2942;3578.2700
349;20110410;25903;1;SO44378;1898.0944;3374.9900
351;20110410;11080;9;SO44379;1898.0944;3374.9900
310;20110410;17915;9;SO44380;2171.2942;3578.2700
313;20110411;14191;10;SO44381;2171.2942;3578.2700
347;20110411;11341;10;SO44382;1912.1544;3399.9900
310;20110411;28268;4;SO44383;2171.2942;3578.2700
311;20110411;28296;4;SO44384;2171.2942;3578.2700
314;20110411;28298;4;SO44385;2171.2942;3578.2700
312;20110411;28587;4;SO44386;2171.2942;3578.2700
351;20110411;11096;9;SO44387;1898.0944;3374.9900
310;20110411;17924;9;SO44388;2171.2942;3578.2700
313;20110411;17925;9;SO44389;2171.2942;3578.2700
314;20110411;17353;9;SO44390;2171.2942;3578.2700
313;20110411;17730;9;SO44391;2171.2942;3578.2700
314;20110411;17910;9;SO44392;2171.2942;3578.2700
345;20110412;29398;8;SO44393;1912.1544;3399.9900
313;20110412;28246;1;SO44394;2171.2942;3578.2700
314;20110412;28339;1;SO44395;2171.2942;3578.2700
345;20110412;25901;4;SO44396;1912.1544;3399.9900
330;20110412;14596;4;SO44397;413.1463;699.0982
312;20110412;17733;9;SO44398;2171.2942;3578.2700
311;20110413;28240;1;SO44399;2171.2942;3578.2700
312;20110413;28588;4;SO44400;2171.2942;3578.2700
312;20110413;17515;9;SO44401;2171.2942;3578.2700
314;20110414;13666;8;SO44402;2171.2942;3578.2700
350;20110414;19844;6;SO44403;1898.0944;3374.9900
314;20110415;28221;4;SO44404;2171.2942;3578.2700
310;20110415;28224;4;SO44405;2171.2942;3578.2700
313;20110415;28299;4;SO44406;2171.2942;3578.2700
351;20110415;11077;9;SO44407;1898.0944;3374.9900
351;20110415;11103;9;SO44408;1898.0944;3374.9900
320;20110415;25563;9;SO44409;413.1463;699.0982
310;20110416;28223;4;SO44410;2171.2942;3578.2700
312;20110416;28584;4;SO44411;2171.2942;3578.2700
349;20110416;11100;9;SO44412;1898.0944;3374.9900
310;20110417;13606;8;SO44413;2171.2942;3578.2700
311;20110417;28340;4;SO44414;2171.2942;3578.2700
312;20110417;28355;4;SO44415;2171.2942;3578.2700
345;20110417;11069;9;SO44416;1912.1544;3399.9900
311;20110417;17917;9;SO44417;2171.2942;3578.2700
311;20110417;17919;9;SO44418;2171.2942;3578.2700
310;20110417;17352;9;SO44419;2171.2942;3578.2700
311;20110417;17512;9;SO44420;2171.2942;3578.2700
313;20110418;13607;8;SO44421;2171.2942;3578.2700
326;20110418;19353;8;SO44422;413.1463;699.0982
313;20110418;28586;4;SO44423;2171.2942;3578.2700
312;20110418;17916;9;SO44424;2171.2942;3578.2700
311;20110418;17504;9;SO44425;2171.2942;3578.2700
314;20110419;13770;8;SO44426;2171.2942;3578.2700
314;20110419;14146;10;SO44427;2171.2942;3578.2700
313;20110419;28362;4;SO44428;2171.2942;3578.2700
314;20110419;28583;1;SO44429;2171.2942;3578.2700
313;20110419;17927;9;SO44430;2171.2942;3578.2700
312;20110419;17725;9;SO44431;2171.2942;3578.2700
314;20110420;14165;10;SO44432;2171.2942;3578.2700
312;20110420;28270;1;SO44433;2171.2942;3578.2700
310;20110420;28580;4;SO44434;2171.2942;3578.2700
312;20110421;28573;1;SO44435;2171.2942;3578.2700
322;20110421;26630;6;SO44436;413.1463;699.0982
344;20110421;11076;9;SO44437;1912.1544;3399.9900
312;20110421;17909;9;SO44438;2171.2942;3578.2700
310;20110422;14195;10;SO44439;2171.2942;3578.2700
312;20110422;12261;7;SO44440;2171.2942;3578.2700
312;20110422;22118;6;SO44441;2171.2942;3578.2700
334;20110422;14599;1;SO44442;413.1463;699.0982
310;20110422;17370;9;SO44443;2171.2942;3578.2700
311;20110424;13697;8;SO44444;2171.2942;3578.2700
314;20110425;17478;9;SO44445;2171.2942;3578.2700
313;20110425;17914;9;SO44446;2171.2942;3578.2700
312;20110426;12265;7;SO44447;2171.2942;3578.2700
311;20110426;28264;1;SO44448;2171.2942;3578.2700
312;20110426;28293;4;SO44449;2171.2942;3578.2700
310;20110426;28294;4;SO44450;2171.2942;3578.2700
313;20110426;28295;1;SO44451;2171.2942;3578.2700
332;20110426;20164;10;SO44452;413.1463;699.0982
310;20110426;17923;9;SO44453;2171.2942;3578.2700
310;20110426;17926;9;SO44454;2171.2942;3578.2700
312;20110426;17513;9;SO44455;2171.2942;3578.2700
320;20110426;25560;9;SO44456;413.1463;699.0982
311;20110427;28196;1;SO44457;2171.2942;3578.2700
314;20110427;28247;1;SO44458;2171.2942;3578.2700
314;20110427;28288;4;SO44459;2171.2942;3578.2700
334;20110427;20150;10;SO44460;413.1463;699.0982
313;20110427;17918;9;SO44461;2171.2942;3578.2700
311;20110428;14155;10;SO44462;2171.2942;3578.2700
332;20110428;19340;8;SO44463;413.1463;699.0982
314;20110428;22120;6;SO44464;2171.2942;3578.2700
320;20110428;14613;1;SO44465;413.1463;699.0982
334;20110428;26640;6;SO44466;413.1463;699.0982
346;20110428;11070;9;SO44467;1912.1544;3399.9900
351;20110428;11075;9;SO44468;1898.0944;3374.9900
314;20110428;17734;9;SO44469;2171.2942;3578.2700
313;20110428;17735;9;SO44470;2171.2942;3578.2700
322;20110428;25561;9;SO44471;413.1463;699.0982
312;20110429;13685;8;SO44472;2171.2942;3578.2700
312;20110429;28255;1;SO44473;2171.2942;3578.2700
330;20110429;14601;4;SO44474;413.1463;699.0982
345;20110429;11101;9;SO44475;1912.1544;3399.9900
314;20110429;17913;9;SO44476;2171.2942;3578.2700
310;20110429;17922;9;SO44477;2171.2942;3578.2700
314;20110429;17726;9;SO44478;2171.2942;3578.2700
350;20110430;29391;8;SO44479;1898.0944;3374.9900
350;20110430;25891;4;SO44480;1898.0944;3374.9900
347;20110501;29448;8;SO44571;1912.1544;3399.9900
314;20110501;28664;1;SO44572;2171.2942;3578.2700
347;20110501;25917;4;SO44573;1912.1544;3399.9900
349;20110501;11107;9;SO44574;1898.0944;3374.9900
344;20110501;11110;9;SO44575;1912.1544;3399.9900
313;20110501;28660;1;SO44576;2171.2942;3578.2700
314;20110502;28667;1;SO44577;2171.2942;3578.2700
314;20110502;28653;4;SO44578;2171.2942;3578.2700
312;20110502;28662;4;SO44579;2171.2942;3578.2700
314;20110503;13782;8;SO44580;2171.2942;3578.2700
348;20110503;11108;9;SO44581;1898.0944;3374.9900
346;20110503;11134;9;SO44582;1912.1544;3399.9900
310;20110503;18210;9;SO44583;2171.2942;3578.2700
313;20110504;28671;1;SO44584;2171.2942;3578.2700
312;20110504;28790;1;SO44585;2171.2942;3578.2700
314;20110504;28794;1;SO44586;2171.2942;3578.2700
311;20110504;28627;4;SO44587;2171.2942;3578.2700
342;20110504;26683;6;SO44588;413.1463;699.0982
346;20110504;11104;9;SO44589;1912.1544;3399.9900
310;20110505;13795;8;SO44590;2171.2942;3578.2700
330;20110505;17987;7;SO44591;413.1463;699.0982
314;20110505;28761;4;SO44592;2171.2942;3578.2700
313;20110505;28645;4;SO44593;2171.2942;3578.2700
310;20110505;18250;9;SO44594;2171.2942;3578.2700
345;20110505;11124;9;SO44595;1912.1544;3399.9900
313;20110505;18238;9;SO44596;2171.2942;3578.2700
310;20110506;12290;7;SO44597;2171.2942;3578.2700
348;20110506;29400;8;SO44598;1898.0944;3374.9900
310;20110506;28792;1;SO44599;2171.2942;3578.2700
314;20110506;18243;9;SO44600;2171.2942;3578.2700
345;20110506;11117;9;SO44601;1912.1544;3399.9900
314;20110507;14702;10;SO44602;2171.2942;3578.2700
342;20110507;20167;10;SO44603;413.1463;699.0982
322;20110507;19364;8;SO44604;413.1463;699.0982
314;20110507;28672;4;SO44605;2171.2942;3578.2700
313;20110507;28772;1;SO44606;2171.2942;3578.2700
310;20110507;28774;4;SO44607;2171.2942;3578.2700
313;20110507;18200;9;SO44608;2171.2942;3578.2700
311;20110507;18220;9;SO44609;2171.2942;3578.2700
313;20110507;18241;9;SO44610;2171.2942;3578.2700
314;20110508;13778;8;SO44611;2171.2942;3578.2700
311;20110508;28675;4;SO44612;2171.2942;3578.2700
313;20110508;28628;1;SO44613;2171.2942;3578.2700
312;20110508;28650;4;SO44614;2171.2942;3578.2700
314;20110508;28654;1;SO44615;2171.2942;3578.2700
314;20110508;28655;1;SO44616;2171.2942;3578.2700
313;20110508;28666;1;SO44617;2171.2942;3578.2700
314;20110508;18205;9;SO44618;2171.2942;3578.2700
312;20110509;13789;8;SO44619;2171.2942;3578.2700
312;20110509;18204;9;SO44620;2171.2942;3578.2700
313;20110509;18217;9;SO44621;2171.2942;3578.2700
311;20110509;13771;8;SO44622;2171.2942;3578.2700
312;20110510;12301;7;SO44623;2171.2942;3578.2700
342;20110510;19357;8;SO44624;413.1463;699.0982
314;20110510;28658;4;SO44625;2171.2942;3578.2700
313;20110510;18272;9;SO44626;2171.2942;3578.2700
349;20110510;11109;9;SO44627;1898.0944;3374.9900
348;20110510;11356;9;SO44628;1898.0944;3374.9900
311;20110510;18209;9;SO44629;2171.2942;3578.2700
312;20110511;28765;4;SO44630;2171.2942;3578.2700
310;20110511;28629;4;SO44631;2171.2942;3578.2700
314;20110511;18196;9;SO44632;2171.2942;3578.2700
310;20110511;18203;9;SO44633;2171.2942;3578.2700
311;20110511;18213;9;SO44634;2171.2942;3578.2700
310;20110511;18218;9;SO44635;2171.2942;3578.2700
314;20110512;14705;10;SO44636;2171.2942;3578.2700
311;20110512;28644;1;SO44637;2171.2942;3578.2700
310;20110512;28651;4;SO44638;2171.2942;3578.2700
330;20110512;14617;1;SO44639;413.1463;699.0982
313;20110512;18246;9;SO44640;2171.2942;3578.2700
313;20110512;18255;9;SO44641;2171.2942;3578.2700
330;20110512;25567;9;SO44642;413.1463;699.0982
314;20110513;12280;7;SO44643;2171.2942;3578.2700
311;20110513;12279;7;SO44644;2171.2942;3578.2700
344;20110513;11344;10;SO44645;1912.1544;3399.9900
344;20110513;29449;8;SO44646;1912.1544;3399.9900
312;20110513;28770;1;SO44647;2171.2942;3578.2700
344;20110513;25916;4;SO44648;1912.1544;3399.9900
344;20110513;25924;4;SO44649;1912.1544;3399.9900
351;20110513;11147;9;SO44650;1898.0944;3374.9900
313;20110514;14720;10;SO44651;2171.2942;3578.2700
350;20110514;28407;7;SO44652;1898.0944;3374.9900
326;20110514;20170;10;SO44653;413.1463;699.0982
313;20110514;28619;4;SO44654;2171.2942;3578.2700
346;20110514;11105;9;SO44655;1912.1544;3399.9900
311;20110514;18275;9;SO44656;2171.2942;3578.2700
350;20110514;11120;9;SO44657;1898.0944;3374.9900
312;20110514;18201;9;SO44658;2171.2942;3578.2700
313;20110514;18208;9;SO44659;2171.2942;3578.2700
310;20110515;28775;4;SO44660;2171.2942;3578.2700
336;20110515;14639;4;SO44661;413.1463;699.0982
349;20110515;11151;9;SO44662;1898.0944;3374.9900
313;20110515;18212;9;SO44663;2171.2942;3578.2700
311;20110515;18222;9;SO44664;2171.2942;3578.2700
334;20110515;25564;9;SO44665;413.1463;699.0982
313;20110516;28763;4;SO44666;2171.2942;3578.2700
310;20110516;28795;4;SO44667;2171.2942;3578.2700
313;20110516;28621;4;SO44668;2171.2942;3578.2700
350;20110516;25942;4;SO44669;1898.0944;3374.9900
313;20110516;18245;9;SO44670;2171.2942;3578.2700
311;20110516;18268;9;SO44671;2171.2942;3578.2700
310;20110516;18207;9;SO44672;2171.2942;3578.2700
314;20110517;13790;8;SO44673;2171.2942;3578.2700
314;20110517;28635;4;SO44674;2171.2942;3578.2700
336;20110517;25566;9;SO44675;413.1463;699.0982
312;20110517;18198;9;SO44676;2171.2942;3578.2700
310;20110518;22233;6;SO44677;2171.2942;3578.2700
310;20110518;22121;6;SO44678;2171.2942;3578.2700
346;20110518;11106;9;SO44679;1912.1544;3399.9900
312;20110519;12296;7;SO44680;2171.2942;3578.2700
342;20110519;17982;7;SO44681;413.1463;699.0982
310;20110519;28797;4;SO44682;2171.2942;3578.2700
312;20110519;28799;4;SO44683;2171.2942;3578.2700
310;20110519;28643;4;SO44684;2171.2942;3578.2700
310;20110519;18249;9;SO44685;2171.2942;3578.2700
313;20110520;14712;10;SO44686;2171.2942;3578.2700
342;20110520;20172;10;SO44687;413.1463;699.0982
310;20110520;18244;9;SO44688;2171.2942;3578.2700
310;20110520;18269;9;SO44689;2171.2942;3578.2700
344;20110520;11111;9;SO44690;1912.1544;3399.9900
346;20110521;28414;7;SO44691;1912.1544;3399.9900
311;20110521;28670;1;SO44692;2171.2942;3578.2700
311;20110521;28676;4;SO44693;2171.2942;3578.2700
311;20110521;22232;6;SO44694;2171.2942;3578.2700
346;20110521;19855;6;SO44695;1912.1544;3399.9900
313;20110521;18254;9;SO44696;2171.2942;3578.2700
310;20110522;18219;9;SO44697;2171.2942;3578.2700
326;20110522;25565;9;SO44698;413.1463;699.0982
313;20110523;22234;6;SO44699;2171.2942;3578.2700
314;20110523;28769;1;SO44700;2171.2942;3578.2700
336;20110523;14636;1;SO44701;413.1463;699.0982
314;20110523;18260;9;SO44702;2171.2942;3578.2700
311;20110524;12300;7;SO44703;2171.2942;3578.2700
350;20110524;29403;8;SO44704;1898.0944;3374.9900
311;20110524;28678;1;SO44705;2171.2942;3578.2700
311;20110524;28618;1;SO44706;2171.2942;3578.2700
311;20110524;28649;4;SO44707;2171.2942;3578.2700
350;20110524;25909;4;SO44708;1898.0944;3374.9900
311;20110524;18240;9;SO44709;2171.2942;3578.2700
313;20110525;28674;4;SO44710;2171.2942;3578.2700
310;20110525;18248;9;SO44711;2171.2942;3578.2700
348;20110525;11112;9;SO44712;1898.0944;3374.9900
313;20110526;22128;6;SO44713;2171.2942;3578.2700
313;20110526;28657;1;SO44714;2171.2942;3578.2700
314;20110526;22182;6;SO44715;2171.2942;3578.2700
314;20110526;22230;6;SO44716;2171.2942;3578.2700
336;20110526;14616;4;SO44717;413.1463;699.0982
314;20110526;18239;9;SO44718;2171.2942;3578.2700
313;20110527;14700;10;SO44719;2171.2942;3578.2700
311;20110527;28625;1;SO44720;2171.2942;3578.2700
342;20110527;26643;6;SO44721;413.1463;699.0982
310;20110528;13774;8;SO44722;2171.2942;3578.2700
345;20110528;29410;8;SO44723;1912.1544;3399.9900
314;20110528;28665;1;SO44724;2171.2942;3578.2700
345;20110528;25910;4;SO44725;1912.1544;3399.9900
332;20110528;14614;4;SO44726;413.1463;699.0982
313;20110528;18273;9;SO44727;2171.2942;3578.2700
344;20110528;11126;9;SO44728;1912.1544;3399.9900
310;20110529;12307;7;SO44729;2171.2942;3578.2700
311;20110529;14697;10;SO44730;2171.2942;3578.2700
312;20110529;28661;1;SO44731;2171.2942;3578.2700
312;20110529;18251;9;SO44732;2171.2942;3578.2700
313;20110529;18214;9;SO44733;2171.2942;3578.2700
313;20110530;12285;7;SO44734;2171.2942;3578.2700
311;20110530;28673;4;SO44735;2171.2942;3578.2700
328;20110530;14634;1;SO44736;413.1463;699.0982
314;20110530;18242;9;SO44737;2171.2942;3578.2700
313;20110530;18252;9;SO44738;2171.2942;3578.2700
312;20110530;18202;9;SO44739;2171.2942;3578.2700
310;20110531;12383;7;SO44803;2171.2942;3578.2700
310;20110531;28829;4;SO44804;2171.2942;3578.2700
314;20110531;29011;4;SO44805;2171.2942;3578.2700
311;20110531;18452;9;SO44806;2171.2942;3578.2700
350;20110531;11365;9;SO44807;1898.0944;3374.9900
311;20110601;13836;8;SO44808;2171.2942;3578.2700
342;20110601;20552;10;SO44809;413.1463;699.0982
311;20110601;29126;4;SO44810;2171.2942;3578.2700
311;20110601;22732;6;SO44811;2171.2942;3578.2700
314;20110601;28988;4;SO44812;2171.2942;3578.2700
312;20110601;18695;9;SO44813;2171.2942;3578.2700
313;20110601;18281;9;SO44814;2171.2942;3578.2700
351;20110601;11444;9;SO44815;1898.0944;3374.9900
312;20110602;12321;7;SO44816;2171.2942;3578.2700
312;20110602;14777;10;SO44817;2171.2942;3578.2700
313;20110602;28827;4;SO44818;2171.2942;3578.2700
313;20110602;28853;1;SO44819;2171.2942;3578.2700
350;20110602;25972;1;SO44820;1898.0944;3374.9900
345;20110602;25975;1;SO44821;1912.1544;3399.9900
311;20110602;18486;9;SO44822;2171.2942;3578.2700
313;20110602;18488;9;SO44823;2171.2942;3578.2700
312;20110602;18694;9;SO44824;2171.2942;3578.2700
312;20110602;18309;9;SO44825;2171.2942;3578.2700
314;20110603;12308;7;SO44826;2171.2942;3578.2700
344;20110603;25973;1;SO44827;1912.1544;3399.9900
312;20110603;28997;4;SO44828;2171.2942;3578.2700
334;20110603;14643;1;SO44829;413.1463;699.0982
314;20110603;18337;9;SO44830;2171.2942;3578.2700
350;20110604;29467;8;SO44831;1898.0944;3374.9900
311;20110604;28804;4;SO44832;2171.2942;3578.2700
310;20110604;28842;4;SO44833;2171.2942;3578.2700
350;20110604;25952;4;SO44834;1898.0944;3374.9900
311;20110604;18338;9;SO44835;2171.2942;3578.2700
314;20110604;18465;9;SO44836;2171.2942;3578.2700
312;20110605;13808;8;SO44837;2171.2942;3578.2700
311;20110605;14138;8;SO44838;2171.2942;3578.2700
314;20110605;28825;1;SO44839;2171.2942;3578.2700
314;20110605;28857;4;SO44840;2171.2942;3578.2700
314;20110605;18335;9;SO44841;2171.2942;3578.2700
310;20110606;14140;8;SO44842;2171.2942;3578.2700
312;20110606;29058;4;SO44843;2171.2942;3578.2700
314;20110606;29139;4;SO44844;2171.2942;3578.2700
313;20110606;28845;1;SO44845;2171.2942;3578.2700
314;20110606;18334;9;SO44846;2171.2942;3578.2700
346;20110606;11445;9;SO44847;1912.1544;3399.9900
348;20110607;28418;7;SO44848;1898.0944;3374.9900
322;20110607;17996;7;SO44849;413.1463;699.0982
336;20110607;19417;8;SO44850;413.1463;699.0982
310;20110607;22299;6;SO44851;2171.2942;3578.2700
311;20110607;29128;4;SO44852;2171.2942;3578.2700
348;20110607;19874;6;SO44853;1898.0944;3374.9900
311;20110607;29004;4;SO44854;2171.2942;3578.2700
320;20110607;26692;6;SO44855;413.1463;699.0982
328;20110607;14651;1;SO44856;413.1463;699.0982
310;20110607;18484;9;SO44857;2171.2942;3578.2700
312;20110607;18487;9;SO44858;2171.2942;3578.2700
310;20110607;18495;9;SO44859;2171.2942;3578.2700
310;20110607;18693;9;SO44860;2171.2942;3578.2700
314;20110607;18288;9;SO44861;2171.2942;3578.2700
313;20110607;18457;9;SO44862;2171.2942;3578.2700
310;20110607;18467;9;SO44863;2171.2942;3578.2700
348;20110607;11364;9;SO44864;1898.0944;3374.9900
351;20110607;11372;9;SO44865;1898.0944;3374.9900
350;20110607;11443;9;SO44866;1898.0944;3374.9900
313;20110608;14793;10;SO44867;2171.2942;3578.2700
313;20110608;28852;1;SO44868;2171.2942;3578.2700
312;20110608;18700;9;SO44869;2171.2942;3578.2700
311;20110608;18301;9;SO44870;2171.2942;3578.2700
345;20110608;11363;9;SO44871;1912.1544;3399.9900
312;20110609;29111;4;SO44872;2171.2942;3578.2700
312;20110609;28828;4;SO44873;2171.2942;3578.2700
320;20110610;18004;7;SO44874;413.1463;699.0982
313;20110610;29048;4;SO44875;2171.2942;3578.2700
312;20110610;29056;4;SO44876;2171.2942;3578.2700
311;20110610;29136;4;SO44877;2171.2942;3578.2700
311;20110610;28807;1;SO44878;2171.2942;3578.2700
310;20110610;28833;1;SO44879;2171.2942;3578.2700
311;20110610;18470;9;SO44880;2171.2942;3578.2700
313;20110610;18496;9;SO44881;2171.2942;3578.2700
311;20110610;18703;9;SO44882;2171.2942;3578.2700
314;20110610;18296;9;SO44883;2171.2942;3578.2700
312;20110610;18308;9;SO44884;2171.2942;3578.2700
310;20110611;14833;10;SO44885;2171.2942;3578.2700
314;20110611;29108;4;SO44886;2171.2942;3578.2700
310;20110611;28821;1;SO44887;2171.2942;3578.2700
310;20110611;28838;1;SO44888;2171.2942;3578.2700
348;20110612;11351;10;SO44889;1898.0944;3374.9900
346;20110612;11381;10;SO44890;1912.1544;3399.9900
310;20110612;28847;4;SO44891;2171.2942;3578.2700
313;20110612;22267;6;SO44892;2171.2942;3578.2700
314;20110612;28856;1;SO44893;2171.2942;3578.2700
348;20110612;25943;4;SO44894;1898.0944;3374.9900
351;20110612;25951;4;SO44895;1898.0944;3374.9900
346;20110612;25964;1;SO44896;1912.1544;3399.9900
314;20110612;18696;9;SO44897;2171.2942;3578.2700
310;20110612;18307;9;SO44898;2171.2942;3578.2700
351;20110612;11353;10;SO44899;1898.0944;3374.9900
314;20110613;14778;10;SO44900;2171.2942;3578.2700
313;20110613;12332;7;SO44901;2171.2942;3578.2700
314;20110613;13829;8;SO44902;2171.2942;3578.2700
313;20110613;18284;9;SO44903;2171.2942;3578.2700
350;20110613;11359;9;SO44904;1898.0944;3374.9900
312;20110614;13822;8;SO44905;2171.2942;3578.2700
311;20110614;14832;10;SO44906;2171.2942;3578.2700
324;20110614;19415;8;SO44907;413.1463;699.0982
314;20110614;29032;4;SO44908;2171.2942;3578.2700
310;20110614;28840;4;SO44909;2171.2942;3578.2700
344;20110614;25969;4;SO44910;1912.1544;3399.9900
349;20110614;25976;4;SO44911;1898.0944;3374.9900
310;20110614;28966;4;SO44912;2171.2942;3578.2700
311;20110614;18468;9;SO44913;2171.2942;3578.2700
311;20110614;18491;9;SO44914;2171.2942;3578.2700
312;20110614;18461;9;SO44915;2171.2942;3578.2700
311;20110614;18463;9;SO44916;2171.2942;3578.2700
310;20110615;13842;8;SO44917;2171.2942;3578.2700
350;20110615;29466;8;SO44918;1898.0944;3374.9900
310;20110615;29017;1;SO44919;2171.2942;3578.2700
338;20110615;14648;4;SO44920;413.1463;699.0982
312;20110615;18489;9;SO44921;2171.2942;3578.2700
314;20110615;18277;9;SO44922;2171.2942;3578.2700
312;20110615;18336;9;SO44923;2171.2942;3578.2700
310;20110616;28830;1;SO44924;2171.2942;3578.2700
313;20110616;18493;9;SO44925;2171.2942;3578.2700
328;20110616;25706;9;SO44926;413.1463;699.0982
348;20110616;11448;9;SO44927;1898.0944;3374.9900
314;20110617;14843;10;SO44928;2171.2942;3578.2700
312;20110617;12398;7;SO44929;2171.2942;3578.2700
312;20110617;29110;4;SO44930;2171.2942;3578.2700
312;20110617;28849;1;SO44931;2171.2942;3578.2700
312;20110617;18303;9;SO44932;2171.2942;3578.2700
312;20110617;18276;9;SO44933;2171.2942;3578.2700
312;20110618;14771;10;SO44934;2171.2942;3578.2700
312;20110618;12333;7;SO44935;2171.2942;3578.2700
312;20110618;29044;1;SO44936;2171.2942;3578.2700
311;20110618;22251;6;SO44937;2171.2942;3578.2700
314;20110618;28851;1;SO44938;2171.2942;3578.2700
314;20110618;28993;1;SO44939;2171.2942;3578.2700
311;20110618;18490;9;SO44940;2171.2942;3578.2700
310;20110618;18697;9;SO44941;2171.2942;3578.2700
310;20110618;18701;9;SO44942;2171.2942;3578.2700
330;20110618;25568;9;SO44943;413.1463;699.0982
332;20110618;25707;9;SO44944;413.1463;699.0982
322;20110618;25710;9;SO44945;413.1463;699.0982
349;20110618;11357;9;SO44946;1898.0944;3374.9900
346;20110618;11446;9;SO44947;1912.1544;3399.9900
312;20110619;12395;7;SO44948;2171.2942;3578.2700
349;20110619;29474;8;SO44949;1898.0944;3374.9900
313;20110619;28835;4;SO44950;2171.2942;3578.2700
311;20110619;28843;4;SO44951;2171.2942;3578.2700
349;20110619;25955;4;SO44952;1898.0944;3374.9900
312;20110619;28859;1;SO44953;2171.2942;3578.2700
310;20110619;28990;4;SO44954;2171.2942;3578.2700
342;20110619;25709;9;SO44955;413.1463;699.0982
351;20110619;11449;9;SO44956;1898.0944;3374.9900
310;20110620;22247;6;SO44957;2171.2942;3578.2700
332;20110620;20173;10;SO44958;413.1463;699.0982
312;20110620;29019;4;SO44959;2171.2942;3578.2700
314;20110620;22373;6;SO44960;2171.2942;3578.2700
313;20110620;29060;4;SO44961;2171.2942;3578.2700
310;20110620;28831;4;SO44962;2171.2942;3578.2700
346;20110620;25974;4;SO44963;1912.1544;3399.9900
334;20110620;14647;4;SO44964;413.1463;699.0982
332;20110620;14649;4;SO44965;413.1463;699.0982
314;20110620;18458;9;SO44966;2171.2942;3578.2700
310;20110621;14794;10;SO44967;2171.2942;3578.2700
342;20110621;19365;8;SO44968;413.1463;699.0982
312;20110621;22713;6;SO44969;2171.2942;3578.2700
312;20110621;28820;1;SO44970;2171.2942;3578.2700
313;20110621;28989;1;SO44971;2171.2942;3578.2700
311;20110621;29016;1;SO44972;2171.2942;3578.2700
314;20110621;18482;9;SO44973;2171.2942;3578.2700
312;20110622;14776;10;SO44974;2171.2942;3578.2700
311;20110622;28823;1;SO44975;2171.2942;3578.2700
311;20110622;28824;1;SO44976;2171.2942;3578.2700
313;20110622;29010;4;SO44977;2171.2942;3578.2700
322;20110622;14652;4;SO44978;413.1463;699.0982
310;20110622;18469;9;SO44979;2171.2942;3578.2700
310;20110622;18699;9;SO44980;2171.2942;3578.2700
310;20110622;18462;9;SO44981;2171.2942;3578.2700
312;20110623;29132;4;SO44982;2171.2942;3578.2700
310;20110623;22252;6;SO44983;2171.2942;3578.2700
314;20110623;29008;4;SO44984;2171.2942;3578.2700
311;20110623;18692;9;SO44985;2171.2942;3578.2700
328;20110623;25708;9;SO44986;413.1463;699.0982
314;20110624;12323;7;SO44987;2171.2942;3578.2700
338;20110624;17999;7;SO44988;413.1463;699.0982
311;20110624;28854;1;SO44989;2171.2942;3578.2700
338;20110624;14645;4;SO44990;413.1463;699.0982
314;20110624;18698;9;SO44991;2171.2942;3578.2700
311;20110624;18464;9;SO44992;2171.2942;3578.2700
350;20110624;11368;9;SO44993;1898.0944;3374.9900
311;20110625;28805;4;SO44994;2171.2942;3578.2700
313;20110625;28841;4;SO44995;2171.2942;3578.2700
349;20110625;25970;1;SO44996;1898.0944;3374.9900
310;20110625;28870;1;SO44997;2171.2942;3578.2700
340;20110625;14646;4;SO44998;413.1463;699.0982
311;20110625;18485;9;SO44999;2171.2942;3578.2700
312;20110625;18297;9;SO45000;2171.2942;3578.2700
312;20110625;18302;9;SO45001;2171.2942;3578.2700
312;20110626;13844;8;SO45002;2171.2942;3578.2700
314;20110626;29059;4;SO45003;2171.2942;3578.2700
314;20110626;29106;4;SO45004;2171.2942;3578.2700
312;20110626;28844;4;SO45005;2171.2942;3578.2700
312;20110627;12373;7;SO45006;2171.2942;3578.2700
310;20110627;14137;8;SO45007;2171.2942;3578.2700
313;20110627;14831;10;SO45008;2171.2942;3578.2700
338;20110627;19387;8;SO45009;413.1463;699.0982
313;20110627;28869;1;SO45010;2171.2942;3578.2700
313;20110627;22268;6;SO45011;2171.2942;3578.2700
342;20110627;14650;1;SO45012;413.1463;699.0982
310;20110627;18483;9;SO45013;2171.2942;3578.2700
322;20110627;25705;9;SO45014;413.1463;699.0982
346;20110627;11360;9;SO45015;1912.1544;3399.9900
310;20110628;14770;10;SO45016;2171.2942;3578.2700
312;20110628;28826;1;SO45017;2171.2942;3578.2700
313;20110628;18494;9;SO45018;2171.2942;3578.2700
313;20110628;18691;9;SO45019;2171.2942;3578.2700
311;20110628;18332;9;SO45020;2171.2942;3578.2700
348;20110628;11358;9;SO45021;1898.0944;3374.9900
350;20110628;11447;9;SO45022;1898.0944;3374.9900
310;20110628;13807;8;SO45023;2171.2942;3578.2700
344;20110629;29475;8;SO45024;1912.1544;3399.9900
